cluster,satisfaction_level,last_evaluation,number_project,average_montly_hours,time_spend_company,left,churn_rate_percent
0,0.47927490871152845,0.5462102243088158,2.7222222222222223,153.13458528951486,3.143192488262911,0.41210224308815857,41.21022430881586
1,0.17319887955182076,0.8073109243697478,5.641456582633054,247.96190476190475,4.256022408963585,0.5411764705882353,54.11764705882353
2,0.753582554517134,0.8221910695742471,4.20404984423676,222.17705088265836,6.178608515057113,0.470404984423676,47.0404984423676
3,0.7504413737590555,0.7542326267775691,3.81513281459619,209.0033539039442,2.806815132814596,0.015964582774349343,1.5964582774349343
