satisfaction_level,last_evaluation,number_project,average_montly_hours,time_spend_company,Work_accident,left,promotion_last_5years,Departments,salary
14999.0,14999.0,14999.0,14999.0,14999.0,14999.0,14999.0,14999.0,14999.0,14999.0
0.6128335222348156,0.7161017401160078,3.80305353690246,201.0503366891126,3.498233215547703,0.1446096406427095,0.2380825388359224,0.021268084538969265,5.870524701646777,1.347289819321288
0.24863065106114257,0.17116911062327533,1.2325923553183522,49.94309937128408,1.4601362305354812,0.35171855238017985,0.4259240993802994,0.14428146457858235,2.8687862571684293,0.6258194964066224
0.09,0.36,2.0,96.0,2.0,0.0,0.0,0.0,0.0,0.0
0.44,0.56,3.0,156.0,3.0,0.0,0.0,0.0,4.0,1.0
0.64,0.72,4.0,200.0,3.0,0.0,0.0,0.0,7.0,1.0
0.82,0.87,5.0,245.0,4.0,0.0,0.0,0.0,8.0,2.0
1.0,1.0,7.0,310.0,10.0,1.0,1.0,1.0,9.0,2.0
